Date of the game,Away Team Ticker,Home Team Ticker,Is Away Team Home? (Home Court Advantage Stat),Is Home Team Home? (Home Court Advantage Stat),Did a Major Event Occur?,Military-Hours Time of the Game,Away team inactive players,Home team inactive players,Away team win/loss %,Home Team win/loss %,Did Home Team Win? (Outcome)
2020-12-22,GSW,BRK,0,1,0,1900,4,2,0.0,0.0,1
2020-12-22,LAC,LAL,0,1,0,2200,2,2,0.0,0.0,0
2020-12-23,MIL,BOS,0,1,0,1930,1,3,0.0,0.0,1
2020-12-23,ATL,CHI,0,1,0,2000,5,2,0.0,0.0,0
2020-12-23,CHO,CLE,0,1,0,1900,2,4,0.0,0.0,1
2020-12-23,SAC,DEN,0,1,0,2100,2,2,0.0,0.0,0
2020-12-23,NYK,IND,0,1,0,1900,2,3,0.0,0.0,1
2020-12-23,SAS,MEM,0,1,0,2000,2,5,0.0,0.0,0
2020-12-23,DET,MIN,0,1,0,2000,1,3,0.0,0.0,1
2020-12-23,MIA,ORL,0,1,0,1900,2,3,0.0,0.0,1
2020-12-23,WAS,PHI,0,1,0,1900,3,2,0.0,0.0,1
2020-12-23,DAL,PHO,0,1,0,2230,3,2,0.0,0.0,1
2020-12-23,UTA,POR,0,1,0,2200,2,3,0.0,0.0,0
2020-12-23,NOP,TOR,0,1,0,1930,2,2,0.0,0.0,0
2020-12-25,BRK,BOS,0,1,1,1700,2,4,0.0,0.0,0
2020-12-25,LAC,DEN,0,1,1,2230,2,2,0.0,0.0,0
2020-12-25,DAL,LAL,0,1,1,2000,3,2,0.0,0.0,1
2020-12-25,NOP,MIA,0,1,1,2400,2,2,0.0,0.0,1
2020-12-25,GSW,MIL,0,1,1,1430,4,1,0.0,0.0,1
2020-12-26,IND,CHI,0,1,0,2000,4,2,1.000,.000,0
2020-12-26,OKC,CHO,0,1,0,1900,2,3,1.000,.000,0
2020-12-26,CLE,DET,0,1,0,1900,3,1,1.000,.000,0
2020-12-26,ATL,MEM,0,1,0,1700,4,5,1.000,.000,0
2020-12-26,PHI,NYK,0,1,0,1930,2,4,1.000,.000,0
2020-12-26,HOU,POR,0,1,0,2200,3,2,.000,.500,1
2020-12-26,PHO,SAC,0,1,0,2200,1,2,.500,1.000,1
2020-12-26,TOR,SAS,0,1,0,2030,2,2,.000,1.000,1
2020-12-26,MIN,UTA,0,1,0,2100,3,2,1.000,.500,0
2020-12-26,ORL,WAS,0,1,0,1900,3,3,1.000,.000,0
2020-12-27,GSW,CHI,0,1,0,2000,5,2,.333,.000,0
2020-12-27,BRK,CHO,0,1,0,1900,2,3,.667,.333,1
2020-12-27,PHI,CLE,0,1,0,1930,2,4,.667,1.000,1
2020-12-27,BOS,IND,0,1,0,2000,3,5,.333,1.000,1
2020-12-27,DAL,LAC,0,1,0,1530,3,2,.333,.667,0
2020-12-27,MIN,LAL,0,1,0,2200,3,2,.667,.667,1
2020-12-27,SAS,NOP,0,1,0,1900,2,2,.667,.667,1
2020-12-27,MIL,NYK,0,1,0,1930,2,5,.333,.333,1
2020-12-27,PHO,SAC,0,1,0,2100,1,2,.667,.667,0
2020-12-27,ORL,WAS,0,1,0,1900,3,4,1.000,.000,0
2020-12-28,DET,ATL,0,1,0,1930,3,3,.000,1.000,1
2020-12-28,MEM,BRK,0,1,0,1930,5,4,.333,.500,0
2020-12-28,HOU,DEN,0,1,0,2100,3,2,.000,.333,1
2020-12-28,POR,LAL,0,1,0,2200,3,3,.667,.500,0
2020-12-28,UTA,OKC,0,1,0,2000,2,2,.667,.500,0
2020-12-29,NYK,CLE,0,1,0,1900,5,5,.500,.750,0
2020-12-29,GSW,DET,0,1,0,1900,5,2,.500,.000,0
2020-12-29,BOS,IND,0,1,0,1900,3,3,.500,.750,0
2020-12-29,MIN,LAC,0,1,0,2200,4,2,.500,.750,1
2020-12-29,MIL,MIA,0,1,0,1930,3,2,.500,.333,0
2020-12-29,ORL,OKC,0,1,0,2000,3,4,1.000,.333,0
2020-12-29,TOR,PHI,0,1,0,1900,2,2,.000,.750,1
2020-12-29,NOP,PHO,0,1,0,2200,2,1,.500,.750,1
2020-12-29,DEN,SAC,0,1,0,2200,2,2,.250,.750,1
2020-12-29,CHI,WAS,0,1,0,1900,2,2,.250,.000,0
2020-12-30,MEM,BOS,0,1,0,1930,5,4,.250,.600,1
2020-12-30,ATL,BRK,0,1,0,1930,3,2,.750,.600,1
2020-12-30,CHO,DAL,0,1,0,2030,3,3,.500,.250,0
2020-12-30,POR,LAC,0,1,0,2200,3,2,.500,.800,1
2020-12-30,MIL,MIA,0,1,0,1930,3,2,.400,.500,1
2020-12-30,LAL,SAS,0,1,0,2030,2,3,.600,.500,0
2020-12-31,SAC,HOU,0,1,0,1900,2,4,.600,.333,1
2020-12-31,CLE,IND,0,1,0,1500,5,4,.600,.800,1
2020-12-31,NOP,OKC,0,1,0,2000,2,2,.600,.250,0
2020-12-31,PHI,ORL,0,1,0,1830,2,4,.800,.800,0
2020-12-31,NYK,TOR,0,1,0,1930,5,2,.400,.250,1
2020-12-31,PHO,UTA,0,1,0,2100,2,2,.800,.500,0
2020-12-31,CHI,WAS,0,1,0,1700,4,3,.400,.000,0
2021-01-01,ATL,BRK,0,1,1,1930,4,2,.800,.500,0
2021-01-01,MEM,CHO,0,1,1,1900,5,3,.400,.400,0
2021-01-01,MIA,DAL,0,1,1,1900,2,3,.400,.400,1
2021-01-01,PHO,DEN,0,1,1,2100,2,2,.833,.200,0
2021-01-01,BOS,DET,0,1,1,1900,3,2,.500,.200,1
2021-01-01,POR,GSW,0,1,1,2230,3,4,.600,.400,0
2021-01-01,CHI,MIL,0,1,1,2000,4,3,.333,.500,1
2021-01-01,WAS,MIN,0,1,1,2000,2,4,.167,.400,0
2021-01-01,LAL,SAS,0,1,1,2000,2,3,.667,.400,0
2021-01-01,LAC,UTA,0,1,1,2100,2,2,.667,.600,1
2021-01-02,CLE,ATL,0,1,0,1930,5,5,.667,.667,0
2021-01-02,SAC,HOU,0,1,0,1700,2,4,.500,.500,1
2021-01-02,NYK,IND,0,1,0,1900,5,4,.500,.667,0
2021-01-02,TOR,NOP,0,1,0,1930,2,2,.200,.667,1
2021-01-02,OKC,ORL,0,1,0,1900,2,5,.400,.667,0
2021-01-02,CHO,PHI,0,1,0,1900,3,2,.333,.833,1
2021-01-03,WAS,BRK,0,1,0,1800,2,2,.286,.429,0
2021-01-03,DAL,CHI,0,1,0,2000,2,4,.333,.429,1
2021-01-03,BOS,DET,0,1,0,1500,3,2,.571,.167,0
2021-01-03,POR,GSW,0,1,0,2030,2,4,.500,.500,1
2021-01-03,LAL,MEM,0,1,0,1800,4,5,.714,.333,0
2021-01-03,DEN,MIN,0,1,0,1900,2,4,.333,.333,0
2021-01-03,LAC,PHO,0,1,0,2000,1,2,.714,.714,0
2021-01-03,UTA,SAS,0,1,0,1900,2,4,.667,.333,0
2021-01-04,NYK,ATL,0,1,0,1930,5,4,.571,.571,0
2021-01-04,SAC,GSW,0,1,0,2200,3,4,.429,.571,1
2021-01-04,DAL,HOU,0,1,0,2000,3,3,.429,.400,0
2021-01-04,OKC,MIA,0,1,0,1930,3,4,.333,.500,1
2021-01-04,DET,MIL,0,1,0,2000,3,4,.143,.571,1
2021-01-04,IND,NOP,0,1,0,2000,4,1,.714,.571,0
2021-01-04,CLE,ORL,0,1,0,1900,5,5,.571,.714,1
2021-01-04,CHO,PHI,0,1,0,1900,3,2,.286,.857,1
2021-01-04,BOS,TOR,0,1,0,1930,5,2,.625,.167,0
2021-01-05,UTA,BRK,0,1,0,1930,2,3,.571,.500,1
2021-01-05,MIN,DEN,0,1,0,2100,4,2,.286,.429,1
2021-01-05,SAS,LAC,0,1,0,2200,3,1,.429,.625,0
2021-01-05,LAL,MEM,0,1,0,2000,4,5,.750,.286,0
2021-01-05,CHI,POR,0,1,0,2230,4,2,.500,.429,0
2021-01-06,CHO,ATL,0,1,1,1930,4,5,.375,.500,0
2021-01-06,LAC,GSW,0,1,1,2200,1,5,.667,.500,0
2021-01-06,HOU,IND,0,1,1,1900,4,5,.333,.750,1
2021-01-06,BOS,MIA,0,1,1,1930,4,2,.667,.429,0
2021-01-06,DET,MIL,0,1,1,2000,3,4,.125,.625,1
2021-01-06,OKC,NOP,0,1,1,2000,3,1,.429,.500,0
2021-01-06,UTA,NYK,0,1,1,1930,2,4,.500,.625,1
2021-01-06,CLE,ORL,0,1,1,1900,5,4,.500,.750,1
2021-01-06,WAS,PHI,0,1,1,1900,2,2,.250,.875,1
2021-01-06,TOR,PHO,0,1,1,2100,2,1,.143,.750,1
2021-01-06,CHI,SAC,0,1,1,2200,4,3,.444,.500,1
2021-01-07,PHI,BRK,0,1,0,1930,4,5,.778,.556,1
2021-01-07,DAL,DEN,0,1,0,2200,3,2,.500,.375,0
2021-01-07,SAS,LAL,0,1,0,2200,3,3,.500,.667,0
2021-01-07,CLE,MEM,0,1,0,2000,5,5,.556,.250,0
2021-01-07,MIN,POR,0,1,0,2200,4,1,.250,.500,1
2021-01-08,WAS,BOS,0,1,0,1930,2,5,.222,.700,1
2021-01-08,PHO,DET,0,1,0,1900,1,2,.667,.222,1
2021-01-08,LAC,GSW,0,1,0,2200,1,4,.600,.556,1
2021-01-08,ORL,HOU,0,1,0,2000,5,3,.667,.429,1
2021-01-08,CHI,LAL,0,1,0,2200,4,3,.400,.700,1
2021-01-08,BRK,MEM,0,1,0,2000,5,5,.500,.333,1
2021-01-08,UTA,MIL,0,1,0,2000,3,4,.556,.556,0
2021-01-08,CHO,NOP,0,1,0,1930,3,1,.444,.444,0
2021-01-08,OKC,NYK,0,1,0,1930,2,4,.500,.556,0
2021-01-08,TOR,SAC,0,1,0,2200,2,3,.250,.444,0
2021-01-09,ATL,CHO,0,1,0,1900,5,3,.444,.500,1
2021-01-09,ORL,DAL,0,1,0,2030,5,4,.600,.556,1
2021-01-09,PHO,IND,0,1,0,1900,1,5,.700,.667,0
2021-01-09,CLE,MIL,0,1,0,2000,5,4,.500,.600,1
2021-01-09,SAS,MIN,0,1,0,2000,3,3,.556,.222,0
2021-01-09,DEN,PHI,0,1,0,1500,2,5,.444,.700,0
2021-01-09,POR,SAC,0,1,0,2200,2,3,.556,.400,0
2021-01-09,MIA,WAS,0,1,0,1900,2,1,.500,.200,0
2021-01-10,OKC,BRK,0,1,0,1800,2,4,.556,.455,0
2021-01-10,UTA,DET,0,1,0,1500,2,2,.600,.200,0
2021-01-10,TOR,GSW,0,1,0,2030,2,3,.222,.600,1
2021-01-10,LAL,HOU,0,1,0,1900,3,3,.727,.375,0
2021-01-10,CHI,LAC,0,1,0,1600,5,1,.364,.636,1
2021-01-10,SAS,MIN,0,1,0,2000,3,2,.500,.300,1
2021-01-10,DEN,NYK,0,1,0,1800,2,4,.500,.500,0
2021-01-11,PHI,ATL,0,1,0,1930,5,5,.636,.500,1
2021-01-11,NYK,CHO,0,1,0,1900,5,3,.455,.545,1
2021-01-11,MEM,CLE,0,1,0,1900,5,6,.400,.455,0
2021-01-11,MIL,ORL,0,1,0,1900,3,5,.636,.545,0
2021-01-11,TOR,POR,0,1,0,2200,2,2,.200,.600,1
2021-01-11,IND,SAC,0,1,0,2200,5,2,.600,.455,1
2021-01-11,PHO,WAS,0,1,0,1900,1,2,.636,.273,1
2021-01-12,DEN,BRK,0,1,0,1930,3,4,.455,.500,1
2021-01-12,UTA,CLE,0,1,0,1930,3,6,.636,.417,0
2021-01-12,IND,GSW,0,1,0,2230,5,5,.636,.545,0
2021-01-12,LAL,HOU,0,1,0,2000,4,3,.750,.333,0
2021-01-12,SAS,OKC,0,1,0,2000,4,2,.545,.500,0
2021-01-12,MIA,PHI,0,1,0,1900,5,5,.444,.667,1
2021-01-13,DAL,CHO,0,1,0,1900,5,3,.600,.500,0
2021-01-13,MIL,DET,0,1,0,1900,3,2,.667,.182,0
2021-01-13,NOP,LAC,0,1,0,2200,3,2,.400,.667,1
2021-01-13,MEM,MIN,0,1,0,2000,5,3,.455,.273,0
2021-01-13,BRK,NYK,0,1,0,1930,5,3,.538,.417,0
2021-01-13,LAL,OKC,0,1,0,2000,4,3,.769,.455,0
2021-01-13,POR,SAC,0,1,0,2200,2,2,.636,.417,0
2021-01-14,GSW,DEN,0,1,0,2200,5,2,.500,.500,1
2021-01-14,MIA,PHI,0,1,0,1900,5,3,.400,.692,1
2021-01-14,IND,POR,0,1,0,2200,5,2,.667,.583,0
2021-01-14,HOU,SAS,0,1,0,1930,5,4,.400,.500,0
2021-01-14,CHO,TOR,0,1,0,1930,3,2,.462,.273,1
2021-01-15,ORL,BOS,0,1,0,1930,5,5,.500,.727,1
2021-01-15,NYK,CLE,0,1,0,1930,2,5,.385,.462,1
2021-01-15,NOP,LAL,0,1,0,2200,2,3,.364,.786,1
2021-01-15,DAL,MIL,0,1,0,1930,5,2,.545,.692,1
2021-01-15,CHI,OKC,0,1,0,2000,4,3,.333,.500,1
2021-01-15,LAC,SAC,0,1,0,2200,2,4,.692,.385,0
2021-01-15,ATL,UTA,0,1,0,2100,5,4,.455,.667,1
2021-01-16,ORL,BRK,0,1,0,1800,5,2,.462,.571,1
2021-01-16,PHI,MEM,0,1,0,2000,3,3,.643,.500,1
2021-01-16,DET,MIA,0,1,0,2000,2,2,.250,.364,0
2021-01-16,ATL,POR,0,1,0,2200,3,3,.417,.615,1
2021-01-16,HOU,SAS,0,1,0,1700,5,4,.364,.538,1
2021-01-16,CHO,TOR,0,1,0,1930,3,2,.429,.333,1
2021-01-17,NYK,BOS,0,1,0,1300,2,5,.429,.667,0
2021-01-17,CHI,DAL,0,1,0,1500,4,5,.385,.500,0
2021-01-17,UTA,DEN,0,1,0,2000,4,2,.692,.462,0
2021-01-17,IND,LAC,0,1,0,2200,5,2,.615,.714,1
2021-01-17,NOP,SAC,0,1,0,2100,2,3,.417,.357,0
2021-01-18,MIN,ATL,0,1,0,1430,3,3,.250,.462,1
2021-01-18,MIL,BRK,0,1,0,1930,2,2,.643,.600,1
2021-01-18,HOU,CHI,0,1,0,2000,5,4,.333,.429,1
2021-01-18,GSW,LAL,0,1,0,2200,5,3,.538,.733,0
2021-01-18,PHO,MEM,0,1,0,1700,3,4,.583,.538,1
2021-01-18,DET,MIA,0,1,0,2000,2,2,.231,.417,1
2021-01-18,ORL,NYK,0,1,0,2400,5,2,.429,.467,1
2021-01-18,SAS,POR,0,1,0,1500,4,3,.571,.571,0
2021-01-18,DAL,TOR,0,1,0,1930,4,2,.462,.385,1
2021-01-19,OKC,DEN,0,1,0,2100,3,2,.462,.500,1
2021-01-19,NOP,UTA,0,1,0,2100,1,3,.385,.714,1
2021-01-20,DET,ATL,0,1,1,1930,2,3,.214,.500,1
2021-01-20,BRK,CLE,0,1,1,1900,2,5,.563,.500,1
2021-01-20,SAS,GSW,0,1,1,2200,4,5,.533,.571,1
2021-01-20,PHO,HOU,0,1,1,2130,3,4,.615,.308,0
2021-01-20,DAL,IND,0,1,1,1900,4,3,.500,.571,0
2021-01-20,SAC,LAC,0,1,1,2200,3,2,.333,.733,1
2021-01-20,ORL,MIN,0,1,1,2000,5,3,.467,.231,0
2021-01-20,BOS,PHI,0,1,1,1900,3,3,.615,.667,1
2021-01-20,MIA,TOR,0,1,1,1930,2,1,.462,.357,0
2021-01-21,NYK,GSW,0,1,0,2200,2,4,.500,.533,0
2021-01-21,LAL,MIL,0,1,0,1930,3,2,.750,.600,0
2021-01-21,NOP,UTA,0,1,0,2200,1,3,.357,.733,1
2021-01-22,CHI,CHO,0,1,0,1900,3,2,.467,.400,0
2021-01-22,BRK,CLE,0,1,0,1930,2,3,.529,.533,1
2021-01-22,HOU,DET,0,1,0,1900,6,2,.357,.200,0
2021-01-22,ORL,IND,0,1,0,1900,5,2,.438,.600,1
2021-01-22,OKC,LAC,0,1,0,2200,4,2,.429,.750,1
2021-01-22,ATL,MIN,0,1,0,2000,4,3,.533,.214,0
2021-01-22,BOS,PHI,0,1,0,1930,4,2,.571,.688,1
2021-01-22,DEN,PHO,0,1,0,2200,2,2,.533,.571,0
2021-01-22,NYK,SAC,0,1,0,2200,2,3,.471,.375,1
2021-01-22,DAL,SAS,0,1,0,2030,4,4,.533,.500,0
2021-01-22,MIA,TOR,0,1,0,1930,3,2,.429,.400,1
2021-01-23,MIA,BRK,0,1,0,2000,3,2,.400,.556,1
2021-01-23,LAL,CHI,0,1,0,2100,3,3,.765,.438,0
2021-01-23,HOU,DAL,0,1,0,2100,4,4,.400,.500,0
2021-01-23,PHI,DET,0,1,0,2000,3,3,.706,.188,0
2021-01-23,NOP,MIN,0,1,0,2000,1,3,.333,.267,1
2021-01-23,DEN,PHO,0,1,0,2100,2,2,.563,.533,0
2021-01-23,GSW,UTA,0,1,0,2100,3,3,.500,.750,1
2021-01-24,CLE,BOS,0,1,0,1900,4,3,.500,.600,1
2021-01-24,TOR,IND,0,1,0,1300,3,2,.438,.563,0
2021-01-24,OKC,LAC,0,1,0,1600,4,2,.400,.765,1
2021-01-24,ATL,MIL,0,1,0,2000,2,2,.500,.625,1
2021-01-24,CHO,ORL,0,1,0,1900,2,5,.438,.412,0
2021-01-24,NYK,POR,0,1,0,2200,2,1,.444,.600,1
2021-01-24,WAS,SAS,0,1,0,2000,6,3,.250,.529,1
2021-01-25,MIA,BRK,0,1,0,1930,3,2,.375,.579,1
2021-01-25,BOS,CHI,0,1,0,2100,3,2,.625,.412,0
2021-01-25,LAL,CLE,0,1,0,2000,3,4,.778,.471,0
2021-01-25,DEN,DAL,0,1,0,2030,2,4,.588,.471,0
2021-01-25,PHI,DET,0,1,0,1900,4,2,.667,.235,1
2021-01-25,MIN,GSW,0,1,0,2200,3,4,.250,.529,1
2021-01-25,TOR,IND,0,1,0,1900,2,2,.412,.588,1
2021-01-25,CHO,ORL,0,1,0,1900,3,5,.412,.444,1
2021-01-25,OKC,POR,0,1,0,2200,5,0,.438,.563,0
2021-01-26,LAC,ATL,0,1,0,1930,4,3,.722,.529,1
2021-01-26,WAS,HOU,0,1,0,2000,6,3,.231,.438,1
2021-01-26,NYK,UTA,0,1,0,2100,2,3,.421,.765,1
2021-01-27,BRK,ATL,0,1,0,1930,2,5,.600,.500,0
2021-01-27,IND,CHO,0,1,0,1900,5,4,.611,.389,0
2021-01-27,DET,CLE,0,1,0,1900,3,4,.222,.500,1
2021-01-27,MIN,GSW,0,1,0,2200,4,4,.235,.556,1
2021-01-27,DEN,MIA,0,1,0,1930,2,3,.611,.353,0
2021-01-27,WAS,NOP,0,1,0,2100,6,1,.214,.375,1
2021-01-27,SAC,ORL,0,1,0,1900,4,5,.412,.421,0
2021-01-27,LAL,PHI,0,1,0,1930,3,4,.737,.684,1
2021-01-27,OKC,PHO,0,1,0,2100,4,1,.471,.500,0
2021-01-27,BOS,SAS,0,1,0,2030,2,3,.588,.556,1
2021-01-27,MIL,TOR,0,1,0,1930,2,2,.647,.389,0
2021-01-27,DAL,UTA,0,1,0,2100,2,4,.444,.778,1
2021-01-28,LAL,DET,0,1,0,2000,3,2,.700,.263,1
2021-01-28,POR,HOU,0,1,0,1930,1,2,.529,.471,1
2021-01-28,LAC,MIA,0,1,0,2000,4,2,.737,.333,0
2021-01-28,GSW,PHO,0,1,0,2200,4,1,.526,.529,1
2021-01-29,IND,CHO,0,1,0,1900,5,4,.579,.421,1
2021-01-29,PHI,MIN,0,1,0,2000,3,4,.700,.222,0
2021-01-29,MIL,NOP,0,1,0,1930,2,1,.611,.412,1
2021-01-29,CLE,NYK,0,1,0,1930,4,2,.474,.450,1
2021-01-29,BRK,OKC,0,1,0,2000,3,3,.619,.444,0
2021-01-29,LAC,ORL,0,1,0,2000,2,5,.750,.400,0
2021-01-29,DEN,SAS,0,1,0,2030,2,2,.579,.579,1
2021-01-29,SAC,TOR,0,1,0,1930,3,4,.444,.368,0
2021-01-29,DAL,UTA,0,1,0,2200,3,4,.421,.789,1
2021-01-29,ATL,WAS,0,1,0,1900,4,4,.526,.200,0
2021-01-30,LAL,BOS,0,1,0,2030,3,2,.714,.556,0
2021-01-30,POR,CHI,0,1,0,2000,1,3,.556,.389,0
2021-01-30,MIL,CHO,0,1,0,2000,2,4,.579,.450,1
2021-01-30,PHO,DAL,0,1,0,2100,3,2,.556,.400,0
2021-01-30,DET,GSW,0,1,0,2200,2,5,.250,.550,1
2021-01-30,SAC,MIA,0,1,0,2000,4,2,.421,.368,1
2021-01-30,HOU,NOP,0,1,0,2000,4,1,.500,.389,0
2021-01-30,MEM,SAS,0,1,0,2030,5,1,.571,.550,0
2021-01-31,UTA,DEN,0,1,0,1530,3,2,.750,.600,1
2021-01-31,PHI,IND,0,1,0,1900,3,5,.714,.550,0
2021-01-31,CLE,MIN,0,1,0,2000,3,4,.450,.263,1
2021-01-31,LAC,NYK,0,1,0,1300,3,2,.762,.429,0
2021-01-31,ORL,TOR,0,1,0,1900,5,4,.381,.400,1
2021-01-31,BRK,WAS,0,1,0,1900,4,2,.591,.250,1
2021-02-01,LAL,ATL,0,1,0,1930,2,5,.727,.500,0
2021-02-01,NYK,CHI,0,1,0,2000,3,3,.409,.421,1
2021-02-01,MIN,CLE,0,1,0,2000,4,4,.250,.476,1
2021-02-01,PHO,DAL,0,1,0,2030,3,2,.579,.381,0
2021-02-01,CHO,MIA,0,1,0,1930,4,2,.476,.350,0
2021-02-01,POR,MIL,0,1,0,2000,1,2,.526,.600,1
2021-02-01,SAC,NOP,0,1,0,2000,3,2,.450,.368,0
2021-02-01,HOU,OKC,0,1,0,2000,4,3,.526,.421,0
2021-02-01,MEM,SAS,0,1,0,2030,5,2,.600,.524,0
2021-02-02,LAC,BRK,0,1,0,1930,3,4,.727,.609,1
2021-02-02,BOS,GSW,0,1,0,2200,3,5,.579,.524,0
2021-02-02,MEM,IND,0,1,0,2000,5,5,.563,.571,1
2021-02-02,TOR,ORL,0,1,0,1900,3,5,.429,.364,0
2021-02-02,DET,UTA,0,1,0,2200,3,3,.238,.762,1
2021-02-02,POR,WAS,0,1,0,2000,2,2,.550,.235,0
2021-02-03,DAL,ATL,0,1,0,1930,2,5,.409,.476,0
2021-02-03,NYK,CHI,0,1,0,2000,3,4,.435,.400,0
2021-02-03,PHI,CHO,0,1,0,1900,3,4,.727,.455,0
2021-02-03,LAC,CLE,0,1,0,2000,3,4,.739,.455,0
2021-02-03,WAS,MIA,0,1,0,2000,3,2,.278,.333,0
2021-02-03,IND,MIL,0,1,0,1900,5,3,.545,.619,1
2021-02-03,PHO,NOP,0,1,0,2130,3,2,.550,.400,1
2021-02-03,HOU,OKC,0,1,0,2000,5,5,.500,.450,1
2021-02-03,BOS,SAC,0,1,0,2200,4,4,.550,.476,1
2021-02-03,MIN,SAS,0,1,0,2030,4,4,.238,.545,1
2021-02-04,UTA,ATL,0,1,0,1930,3,5,.773,.455,0
2021-02-04,GSW,DAL,0,1,0,1930,5,3,.545,.391,0
2021-02-04,DEN,LAL,0,1,0,2200,3,3,.571,.739,1
2021-02-04,HOU,MEM,0,1,0,2100,5,5,.524,.529,0
2021-02-04,POR,PHI,0,1,0,2000,3,5,.571,.696,0
2021-02-05,TOR,BRK,0,1,0,1930,4,3,.455,.583,0
2021-02-05,UTA,CHO,0,1,0,2000,3,4,.783,.435,0
2021-02-05,MIL,CLE,0,1,0,1930,3,4,.636,.435,0
2021-02-05,NOP,IND,0,1,0,1900,2,5,.429,.522,0
2021-02-05,BOS,LAC,0,1,0,2200,3,4,.571,.708,0
2021-02-05,WAS,MIA,0,1,0,2000,3,2,.263,.364,1
2021-02-05,MIN,OKC,0,1,0,2000,4,5,.273,.429,0
2021-02-05,CHI,ORL,0,1,0,1900,4,5,.381,.391,1
2021-02-05,DET,PHO,0,1,0,2100,4,1,.227,.571,1
2021-02-06,TOR,ATL,0,1,0,2000,4,5,.435,.478,1
2021-02-06,MIL,CLE,0,1,0,2000,3,3,.652,.417,0
2021-02-06,GSW,DAL,0,1,0,2030,5,3,.522,.417,1
2021-02-06,SAS,HOU,0,1,0,2000,4,5,.565,.500,0
2021-02-06,DET,LAL,0,1,0,2200,4,3,.217,.750,1
2021-02-06,MEM,NOP,0,1,0,2100,5,2,.500,.455,1
2021-02-06,POR,NYK,0,1,0,1300,1,4,.545,.458,1
2021-02-06,MIN,OKC,0,1,0,2000,4,5,.261,.455,1
2021-02-06,CHI,ORL,0,1,0,1900,5,5,.409,.375,0
2021-02-06,BRK,PHI,0,1,0,2000,4,4,.560,.708,1
2021-02-06,DEN,SAC,0,1,0,1700,5,4,.545,.500,1
2021-02-07,WAS,CHO,0,1,0,1300,2,4,.250,.458,1
2021-02-07,UTA,IND,0,1,0,1300,3,5,.792,.500,0
2021-02-07,SAC,LAC,0,1,0,1500,3,4,.522,.680,0
2021-02-07,MIA,NYK,0,1,0,1300,2,4,.391,.440,0
2021-02-07,BOS,PHO,0,1,0,1400,3,1,.545,.591,1
2021-02-08,WAS,CHI,0,1,0,2000,3,4,.286,.391,0
2021-02-08,HOU,CHO,0,1,0,1900,5,4,.478,.480,1
2021-02-08,MIN,DAL,0,1,0,2030,4,3,.250,.440,1
2021-02-08,MIL,DEN,0,1,0,2130,4,3,.667,.522,0
2021-02-08,OKC,LAL,0,1,0,2200,5,4,.435,.760,1
2021-02-08,TOR,MEM,0,1,0,2000,4,5,.458,.474,0
2021-02-08,CLE,PHO,0,1,0,2100,4,1,.400,.609,1
2021-02-08,GSW,SAS,0,1,0,2030,5,4,.500,.583,1
2021-02-09,BRK,DET,0,1,0,1900,5,4,.538,.250,1
2021-02-09,NYK,MIA,0,1,0,1930,3,2,.423,.417,1
2021-02-09,HOU,NOP,0,1,0,1930,5,2,.458,.478,1
2021-02-09,ORL,POR,0,1,0,2200,5,2,.360,.565,1
2021-02-09,PHI,SAC,0,1,0,2200,3,3,.720,.500,0
2021-02-09,GSW,SAS,0,1,0,2030,5,4,.520,.560,0
2021-02-09,BOS,UTA,0,1,0,2200,2,4,.522,.800,1
2021-02-10,IND,BRK,0,1,0,2000,5,5,.480,.556,1
2021-02-10,NOP,CHI,0,1,0,2100,2,5,.458,.417,1
2021-02-10,ATL,DAL,0,1,0,1930,4,3,.458,.462,1
2021-02-10,CLE,DEN,0,1,0,2100,4,3,.385,.542,1
2021-02-10,OKC,LAL,0,1,0,2200,5,4,.417,.769,1
2021-02-10,CHO,MEM,0,1,0,2000,4,5,.462,.500,1
2021-02-10,LAC,MIN,0,1,0,2000,4,3,.692,.240,0
2021-02-10,MIL,PHO,0,1,0,2200,4,1,.640,.625,1
2021-02-10,TOR,WAS,0,1,0,1900,4,2,.480,.273,0
2021-02-11,TOR,BOS,0,1,0,1930,4,3,.462,.542,1
2021-02-11,IND,DET,0,1,0,2000,5,5,.500,.240,0
2021-02-11,ORL,GSW,0,1,0,2200,4,5,.346,.538,1
2021-02-11,MIA,HOU,0,1,0,1930,2,5,.440,.440,0
2021-02-11,PHI,POR,0,1,0,2200,4,2,.692,.583,1
2021-02-12,SAS,ATL,0,1,0,1930,3,4,.577,.440,0
2021-02-12,DET,BOS,0,1,0,2000,5,4,.269,.520,0
2021-02-12,LAC,CHI,0,1,0,2000,4,5,.704,.400,0
2021-02-12,MIN,CHO,0,1,0,1900,3,4,.231,.481,1
2021-02-12,NOP,DAL,0,1,0,1930,2,3,.440,.481,1
2021-02-12,OKC,DEN,0,1,0,2100,5,3,.400,.560,1
2021-02-12,MEM,LAL,0,1,0,2200,5,2,.476,.778,1
2021-02-12,CLE,POR,0,1,0,2200,4,1,.370,.600,1
2021-02-12,ORL,SAC,0,1,0,2200,5,2,.370,.480,0
2021-02-12,MIL,UTA,0,1,0,2100,4,3,.615,.808,1
2021-02-12,NYK,WAS,0,1,0,1900,3,3,.444,.261,0
2021-02-13,IND,ATL,0,1,0,1930,5,5,.519,.423,0
2021-02-13,BRK,GSW,0,1,0,2030,5,5,.571,.519,0
2021-02-13,HOU,NYK,0,1,0,2000,5,4,.423,.464,1
2021-02-13,PHI,PHO,0,1,0,1500,3,1,.667,.640,1
2021-02-13,MIA,UTA,0,1,0,2100,2,3,.423,.815,1
2021-02-14,SAS,CHO,0,1,0,1900,4,3,.593,.464,0
2021-02-14,POR,DAL,0,1,0,1930,1,3,.615,.464,0
2021-02-14,LAL,DEN,0,1,0,2200,2,4,.750,.577,1
2021-02-14,NOP,DET,0,1,0,1900,2,5,.423,.296,1
2021-02-14,CLE,LAC,0,1,0,2200,4,4,.357,.714,1
2021-02-14,MIL,OKC,0,1,0,2000,4,5,.593,.423,1
2021-02-14,ORL,PHO,0,1,0,2100,5,2,.357,.654,1
2021-02-14,MEM,SAC,0,1,0,2200,5,2,.500,.462,0
2021-02-14,MIN,TOR,0,1,0,1900,2,4,.259,.444,0
2021-02-14,BOS,WAS,0,1,0,1300,2,4,.500,.292,1
2021-02-15,CLE,GSW,0,1,1,2200,4,5,.345,.536,1
2021-02-15,CHI,IND,0,1,1,1900,5,5,.423,.500,0
2021-02-15,MIA,LAC,0,1,1,2200,2,4,.407,.724,1
2021-02-15,ATL,NYK,0,1,1,1930,5,4,.407,.483,1
2021-02-15,BRK,SAC,0,1,1,2200,5,3,.586,.444,0
2021-02-15,PHI,UTA,0,1,1,2100,3,4,.643,.821,1
2021-02-15,HOU,WAS,0,1,1,1900,5,3,.407,.320,1
2021-02-16,DEN,BOS,0,1,0,1900,5,3,.556,.519,1
2021-02-16,NOP,MEM,0,1,0,2000,2,5,.444,.478,0
2021-02-16,TOR,MIL,0,1,0,2000,4,4,.464,.571,0
2021-02-16,LAL,MIN,0,1,0,2000,2,2,.759,.250,0
2021-02-16,POR,OKC,0,1,0,2000,2,5,.630,.407,0
2021-02-16,BRK,PHO,0,1,0,2230,5,2,.600,.630,0
2021-02-17,ATL,BOS,0,1,0,1930,5,4,.429,.500,0
2021-02-17,DET,CHI,0,1,0,2000,5,5,.286,.444,1
2021-02-17,MIA,GSW,0,1,0,2200,2,5,.393,.552,1
2021-02-17,UTA,LAC,0,1,0,2200,3,4,.828,.700,0
2021-02-17,OKC,MEM,0,1,0,2100,5,5,.393,.500,1
2021-02-17,IND,MIN,0,1,0,2000,5,2,.517,.241,0
2021-02-17,POR,NOP,0,1,0,2100,1,2,.643,.429,0
2021-02-17,NYK,ORL,0,1,0,1900,3,5,.467,.379,1
2021-02-17,HOU,PHI,0,1,0,1930,4,4,.393,.655,1
2021-02-17,DEN,WAS,0,1,0,2000,4,3,.536,.346,1
2021-02-18,BRK,LAL,0,1,0,2200,5,3,.613,.733,0
2021-02-18,TOR,MIL,0,1,0,1930,3,4,.483,.552,0
2021-02-18,MIA,SAC,0,1,0,2200,2,4,.414,.429,0
2021-02-19,ATL,BOS,0,1,0,1930,5,2,.414,.517,1
2021-02-19,DEN,CLE,0,1,0,1900,4,4,.552,.333,0
2021-02-19,UTA,LAC,0,1,0,2200,3,2,.800,.710,1
2021-02-19,DET,MEM,0,1,0,2000,5,5,.276,.520,1
2021-02-19,OKC,MIL,0,1,0,2000,5,3,.379,.567,1
2021-02-19,TOR,MIN,0,1,0,2100,2,2,.500,.233,0
2021-02-19,PHO,NOP,0,1,0,2000,2,2,.643,.414,0
2021-02-19,GSW,ORL,0,1,0,1900,5,5,.533,.400,1
2021-02-19,CHI,PHI,0,1,0,1930,5,4,.429,.667,1
2021-02-20,SAC,CHI,0,1,0,2100,5,5,.414,.448,1
2021-02-20,GSW,CHO,0,1,0,2000,5,4,.516,.483,1
2021-02-20,MIA,LAL,0,1,0,2030,2,2,.433,.710,0
2021-02-20,PHO,MEM,0,1,0,2100,2,5,.655,.500,0
2021-02-20,WAS,POR,0,1,0,2200,3,1,.370,.621,0
2021-02-21,DEN,ATL,0,1,0,1930,5,5,.533,.433,1
2021-02-21,OKC,CLE,0,1,0,1900,5,4,.400,.323,0
2021-02-21,BRK,LAC,0,1,0,2000,5,3,.625,.688,0
2021-02-21,SAC,MIL,0,1,0,2100,4,4,.400,.581,1
2021-02-21,BOS,NOP,0,1,0,1530,2,2,.500,.433,1
2021-02-21,MIN,NYK,0,1,0,1900,2,4,.226,.484,1
2021-02-21,DET,ORL,0,1,0,1900,4,5,.267,.419,1
2021-02-21,PHI,TOR,0,1,0,1900,2,2,.645,.516,1
2021-02-22,MEM,DAL,0,1,0,2030,5,4,.481,.483,1
2021-02-22,CHI,HOU,0,1,0,2000,5,5,.467,.379,0
2021-02-22,WAS,LAL,0,1,0,2200,3,2,.393,.688,0
2021-02-22,MIA,OKC,0,1,0,2100,2,5,.452,.387,0
2021-02-22,POR,PHO,0,1,0,2100,1,2,.600,.667,1
2021-02-22,CHO,UTA,0,1,0,2100,4,3,.467,.806,1
2021-02-23,SAC,BRK,0,1,0,1930,4,5,.387,.636,1
2021-02-23,ATL,CLE,0,1,0,1900,4,4,.419,.344,1
2021-02-23,BOS,DAL,0,1,0,1930,2,5,.484,.500,1
2021-02-23,POR,DEN,0,1,0,2200,1,5,.581,.548,1
2021-02-23,WAS,LAC,0,1,0,2200,3,3,.379,.697,1
2021-02-23,MIN,MIL,0,1,0,2000,2,4,.219,.594,1
2021-02-23,GSW,NYK,0,1,0,1930,5,3,.531,.469,0
2021-02-23,DET,ORL,0,1,0,1900,5,5,.290,.406,0
2021-02-23,PHI,TOR,0,1,0,1930,3,2,.656,.500,0
2021-02-24,BOS,ATL,0,1,0,1930,3,4,.469,.438,1
2021-02-24,MIN,CHI,0,1,0,2000,1,5,.212,.484,1
2021-02-24,HOU,CLE,0,1,0,1930,4,3,.367,.364,1
2021-02-24,GSW,IND,0,1,0,1930,5,5,.545,.500,0
2021-02-24,TOR,MIA,0,1,0,2000,1,2,.485,.469,1
2021-02-24,DET,NOP,0,1,0,2000,5,2,.281,.452,1
2021-02-24,SAS,OKC,0,1,0,2000,4,5,.571,.406,1
2021-02-24,CHO,PHO,0,1,0,2100,4,2,.484,.645,0
2021-02-24,LAL,UTA,0,1,0,2200,2,2,.667,.813,1
2021-02-25,ORL,BRK,0,1,0,1930,5,3,.394,.647,1
2021-02-25,WAS,DEN,0,1,0,2100,3,4,.400,.531,0
2021-02-25,LAC,MEM,0,1,0,2000,4,4,.676,.500,1
2021-02-25,NOP,MIL,0,1,0,2130,2,4,.438,.606,1
2021-02-25,SAC,NYK,0,1,0,1930,5,4,.375,.485,1
2021-02-25,DAL,PHI,0,1,0,1900,5,2,.484,.667,1
2021-02-26,IND,BOS,0,1,0,1930,5,2,.484,.485,1
2021-02-26,PHO,CHI,0,1,0,2000,1,5,.656,.469,0
2021-02-26,SAC,DET,0,1,0,2000,5,5,.394,.273,0
2021-02-26,CHO,GSW,0,1,0,2200,4,5,.469,.559,1
2021-02-26,POR,LAL,0,1,0,2200,1,1,.563,.676,1
2021-02-26,LAC,MEM,0,1,0,2000,4,5,.686,.483,0
2021-02-26,UTA,MIA,0,1,0,2000,2,2,.788,.485,1
2021-02-26,ATL,OKC,0,1,0,2000,4,5,.424,.424,1
2021-02-26,HOU,TOR,0,1,0,1930,4,3,.355,.500,1
2021-02-27,DAL,BRK,0,1,0,2030,4,4,.500,.629,0
2021-02-27,IND,NYK,0,1,0,2000,5,4,.469,.500,1
2021-02-27,DEN,OKC,0,1,0,2000,3,5,.545,.412,0
2021-02-27,UTA,ORL,0,1,0,2000,3,5,.794,.382,0
2021-02-27,CLE,PHI,0,1,0,1900,4,3,.382,.647,0
2021-02-27,NOP,SAS,0,1,0,2000,2,4,.424,.586,1
2021-02-27,MIN,WAS,0,1,0,1900,1,3,.206,.419,1
2021-02-28,WAS,BOS,0,1,0,1900,3,3,.406,.500,1
2021-02-28,NYK,DET,0,1,0,2000,5,5,.514,.265,0
2021-02-28,MEM,HOU,0,1,0,2000,4,4,.500,.344,0
2021-02-28,GSW,LAL,0,1,0,2000,5,1,.543,.686,1
2021-02-28,ATL,MIA,0,1,0,2000,4,2,.412,.500,1
2021-02-28,LAC,MIL,0,1,0,1530,4,3,.667,.618,1
2021-02-28,PHO,MIN,0,1,0,2100,1,1,.667,.200,0
2021-02-28,CHO,SAC,0,1,0,2200,4,5,.485,.382,0
2021-03-01,DEN,CHI,0,1,0,2000,5,5,.559,.455,0
2021-03-01,CLE,HOU,0,1,0,2100,4,4,.400,.333,0
2021-03-01,UTA,NOP,0,1,0,2000,2,2,.771,.441,1
2021-03-01,DAL,ORL,0,1,0,1900,4,5,.515,.371,0
2021-03-01,IND,PHI,0,1,0,1900,5,4,.455,.657,1
2021-03-01,CHO,POR,0,1,0,2230,4,1,.471,.576,1
2021-03-01,BRK,SAS,0,1,0,2030,5,4,.639,.567,0
2021-03-02,LAC,BOS,0,1,0,1930,4,2,.649,.514,1
2021-03-02,PHO,LAL,0,1,0,2200,1,2,.676,.667,0
2021-03-02,ATL,MIA,0,1,0,1930,3,2,.429,.486,0
2021-03-02,DEN,MIL,0,1,0,2100,5,3,.571,.600,0
2021-03-02,NYK,SAS,0,1,0,2030,5,4,.500,.581,1
2021-03-02,MEM,WAS,0,1,0,1900,5,3,.516,.394,0
2021-03-03,IND,CLE,0,1,0,1900,5,4,.471,.389,0
2021-03-03,OKC,DAL,0,1,0,2030,5,5,.400,.529,1
2021-03-03,BRK,HOU,0,1,0,1930,5,4,.649,.324,0
2021-03-03,CHO,MIN,0,1,0,2000,4,1,.486,.194,0
2021-03-03,CHI,NOP,0,1,0,2000,5,3,.471,.429,0
2021-03-03,ATL,ORL,0,1,0,2000,4,5,.444,.361,0
2021-03-03,UTA,PHI,0,1,0,1900,2,3,.750,.667,1
2021-03-03,GSW,POR,0,1,0,2200,4,1,.528,.588,1
2021-03-03,LAL,SAC,0,1,0,2200,4,5,.649,.400,1
2021-03-03,DET,TOR,0,1,0,1900,5,5,.286,.486,0
2021-03-04,TOR,BOS,0,1,0,1900,5,2,.472,.528,1
2021-03-04,DEN,IND,0,1,0,2000,5,5,.583,.457,0
2021-03-04,MIL,MEM,0,1,0,2000,3,4,.611,.500,0
2021-03-04,MIA,NOP,0,1,0,2030,2,3,.500,.417,0
2021-03-04,DET,NYK,0,1,0,1930,5,5,.278,.514,1
2021-03-04,GSW,PHO,0,1,0,2200,5,2,.514,.686,1
2021-03-04,SAC,POR,0,1,0,2200,5,1,.389,.600,1
2021-03-04,OKC,SAS,0,1,0,2100,5,4,.417,.563,0
2021-03-04,LAC,WAS,0,1,0,1900,4,3,.632,.412,1
2021-03-10,SAS,DAL,0,1,0,2030,3,2,.545,.543,1
2021-03-10,WAS,MEM,0,1,0,2000,3,2,.400,.515,1
2021-03-11,BOS,BRK,0,1,0,1930,2,3,.514,.658,1
2021-03-11,PHI,CHI,0,1,0,2000,5,2,.676,.457,0
2021-03-11,DET,CHO,0,1,0,1900,2,1,.270,.500,1
2021-03-11,GSW,LAC,0,1,0,2200,3,2,.500,.641,1
2021-03-11,ORL,MIA,0,1,0,2000,5,2,.351,.514,1
2021-03-11,NYK,MIL,0,1,0,2000,3,1,.500,.622,1
2021-03-11,MIN,NOP,0,1,0,2000,2,2,.216,.405,0
2021-03-11,DAL,OKC,0,1,0,2100,2,5,.528,.432,1
2021-03-11,PHO,POR,0,1,0,2200,1,1,.694,.583,0
2021-03-11,HOU,SAC,0,1,0,2200,4,3,.314,.405,1
2021-03-11,ATL,TOR,0,1,0,1930,3,5,.459,.459,0
2021-03-12,MIA,CHI,0,1,0,2100,2,2,.526,.444,0
2021-03-12,IND,LAL,0,1,0,2230,2,4,.444,.658,1
2021-03-12,DEN,MEM,0,1,0,2000,3,2,.595,.500,0
2021-03-12,CLE,NOP,0,1,0,2000,4,1,.378,.421,1
2021-03-12,ORL,SAS,0,1,0,2100,5,2,.342,.559,1
2021-03-12,HOU,UTA,0,1,0,2200,5,1,.306,.757,1
2021-03-12,PHI,WAS,0,1,0,2000,4,2,.684,.389,0
2021-03-13,SAC,ATL,0,1,0,1930,3,3,.395,.474,1
2021-03-13,DET,BRK,0,1,0,1900,2,3,.263,.667,1
2021-03-13,TOR,CHO,0,1,0,1900,5,1,.447,.514,1
2021-03-13,DAL,DEN,0,1,0,2200,3,3,.541,.579,0
2021-03-13,POR,MIN,0,1,0,2000,1,2,.595,.211,0
2021-03-13,NYK,OKC,0,1,0,1400,4,5,.513,.421,0
2021-03-13,IND,PHO,0,1,0,2200,2,1,.459,.676,0
2021-03-13,MIL,WAS,0,1,0,1900,0,2,.632,.378,0
2021-03-14,CLE,ATL,0,1,0,1930,3,5,.368,.487,1
2021-03-14,TOR,CHI,0,1,0,2100,5,2,.436,.459,1
2021-03-14,UTA,GSW,0,1,0,1600,1,2,.737,.513,1
2021-03-14,BOS,HOU,0,1,0,2000,2,5,.526,.297,0
2021-03-14,POR,MIN,0,1,0,2000,1,2,.579,.231,1
2021-03-14,LAC,NOP,0,1,0,2100,3,1,.625,.436,1
2021-03-14,MEM,OKC,0,1,0,1400,2,5,.486,.436,1
2021-03-14,MIA,ORL,0,1,0,1900,2,5,.538,.333,0
2021-03-14,SAS,PHI,0,1,0,1830,2,2,.543,.692,1
2021-03-15,NYK,BRK,0,1,0,2000,4,3,.500,.675,1
2021-03-15,SAC,CHO,0,1,0,1900,3,1,.385,.526,1
2021-03-15,LAC,DAL,0,1,0,2100,3,2,.634,.526,0
2021-03-15,IND,DEN,0,1,0,2200,2,3,.447,.590,1
2021-03-15,SAS,DET,0,1,0,2000,3,4,.556,.256,0
2021-03-15,LAL,GSW,0,1,0,2230,4,2,.667,.500,0
2021-03-15,MEM,PHO,0,1,0,2200,2,1,.472,.684,1
2021-03-15,MIL,WAS,0,1,0,1900,1,2,.641,.368,0
2021-03-16,UTA,BOS,0,1,0,1930,1,2,.744,.513,0
2021-03-16,OKC,CHI,0,1,0,2000,5,2,.425,.474,1
2021-03-16,ATL,HOU,0,1,0,2000,5,5,.500,.289,0
2021-03-16,MIN,LAL,0,1,0,2230,3,4,.225,.675,1
2021-03-16,CLE,MIA,0,1,0,2000,4,2,.359,.550,1
2021-03-16,NYK,PHI,0,1,0,2000,4,2,.488,.700,1
2021-03-16,NOP,POR,0,1,0,2200,1,2,.425,.590,1
2021-03-17,SAS,CHI,0,1,0,2000,3,2,.568,.462,0
2021-03-17,BOS,CLE,0,1,0,2000,3,4,.500,.375,1
2021-03-17,LAC,DAL,0,1,0,2130,3,3,.619,.538,1
2021-03-17,CHO,DEN,0,1,0,2100,1,3,.513,.600,1
2021-03-17,TOR,DET,0,1,0,1900,2,4,.425,.275,1
2021-03-17,GSW,HOU,0,1,0,2000,4,5,.512,.282,0
2021-03-17,BRK,IND,0,1,0,1900,3,2,.683,.436,0
2021-03-17,MIA,MEM,0,1,0,2100,3,2,.537,.486,1
2021-03-17,MIL,PHI,0,1,0,1900,1,2,.650,.683,0
2021-03-17,SAC,WAS,0,1,0,1900,2,2,.400,.359,0
2021-03-18,OKC,ATL,0,1,0,1930,4,3,.415,.512,1
2021-03-18,CHO,LAL,0,1,0,2230,1,4,.500,.683,1
2021-03-18,ORL,NYK,0,1,0,1930,4,5,.325,.500,1
2021-03-18,MIN,PHO,0,1,0,2200,2,2,.244,.667,0
2021-03-18,NOP,POR,0,1,0,2200,1,1,.415,.600,1
2021-03-18,UTA,WAS,0,1,0,1900,2,2,.725,.375,1
2021-03-19,SAC,BOS,0,1,0,1930,3,2,.415,.488,0
2021-03-19,SAS,CLE,0,1,0,1930,2,5,.579,.366,0
2021-03-19,CHI,DEN,0,1,0,2100,2,2,.450,.610,1
2021-03-19,DET,HOU,0,1,0,2000,5,3,.293,.275,0
2021-03-19,GSW,MEM,0,1,0,2000,4,2,.524,.474,0
2021-03-19,IND,MIA,0,1,0,2000,2,2,.450,.524,0
2021-03-19,BRK,ORL,0,1,0,2000,3,5,.667,.341,1
2021-03-19,MIN,PHO,0,1,0,2200,2,1,.238,.675,1
2021-03-19,DAL,POR,0,1,0,2200,4,1,.525,.610,1
2021-03-19,UTA,TOR,0,1,0,2000,1,2,.732,.415,0
2021-03-20,CHO,LAC,0,1,0,2200,1,3,.488,.628,1
2021-03-20,ATL,LAL,0,1,0,1530,4,3,.524,.667,0
2021-03-20,GSW,MEM,0,1,0,2000,5,2,.512,.487,1
2021-03-20,SAS,MIL,0,1,0,2100,2,1,.564,.659,1
2021-03-20,SAC,PHI,0,1,0,2000,3,2,.405,.690,1
2021-03-21,ORL,BOS,0,1,0,1530,5,2,.333,.500,1
2021-03-21,WAS,BRK,0,1,0,1900,3,2,.366,.674,1
2021-03-21,TOR,CLE,0,1,0,1900,1,4,.405,.381,1
2021-03-21,NOP,DEN,0,1,0,1500,1,3,.429,.595,0
2021-03-21,CHI,DET,0,1,0,1900,2,5,.463,.286,0
2021-03-21,OKC,HOU,0,1,0,1400,5,5,.429,.268,0
2021-03-21,IND,MIA,0,1,0,1300,2,2,.463,.512,0
2021-03-21,PHI,NYK,0,1,0,2000,2,3,.698,.488,0
2021-03-21,LAL,PHO,0,1,0,2200,3,1,.651,.683,1
2021-03-21,DAL,POR,0,1,0,2200,3,1,.537,.595,0
2021-03-22,UTA,CHI,0,1,0,2100,1,2,.738,.452,0
2021-03-22,SAC,CLE,0,1,0,1930,3,4,.419,.372,0
2021-03-22,TOR,HOU,0,1,0,2100,1,4,.395,.286,1
2021-03-22,ATL,LAC,0,1,0,2200,2,3,.512,.636,1
2021-03-22,BOS,MEM,0,1,0,2100,3,2,.488,.500,1
2021-03-22,IND,MIL,0,1,0,2100,3,2,.452,.667,1
2021-03-22,OKC,MIN,0,1,0,2000,5,2,.442,.233,0
2021-03-22,CHO,SAS,0,1,0,2030,2,2,.500,.550,0
2021-03-23,PHI,GSW,0,1,0,2200,2,3,.705,.500,0
2021-03-23,PHO,MIA,0,1,0,2000,1,2,.690,.500,0
2021-03-23,LAL,NOP,0,1,0,1930,3,1,.636,.442,1
2021-03-23,WAS,NYK,0,1,0,1930,3,2,.357,.500,1
2021-03-23,DEN,ORL,0,1,0,1900,3,5,.605,.326,0
2021-03-23,BRK,POR,0,1,0,2200,4,2,.682,.581,0
2021-03-24,CLE,CHI,0,1,0,2000,5,2,.386,.442,0
2021-03-24,CHO,HOU,0,1,0,2000,1,4,.512,.279,0
2021-03-24,DET,IND,0,1,0,1900,4,2,.279,.465,1
2021-03-24,BOS,MIL,0,1,0,1930,2,2,.477,.674,1
2021-03-24,DAL,MIN,0,1,0,2000,2,1,.548,.227,0
2021-03-24,MEM,OKC,0,1,0,2000,2,5,.512,.432,0
2021-03-24,PHO,ORL,0,1,0,2000,1,4,.674,.341,1
2021-03-24,ATL,SAC,0,1,0,2200,2,2,.500,.432,1
2021-03-24,LAC,SAS,0,1,0,2030,3,2,.644,.537,0
2021-03-24,DEN,TOR,0,1,0,1930,3,1,.591,.409,1
2021-03-24,BRK,UTA,0,1,0,2200,4,1,.667,.744,1
2021-03-25,PHI,LAL,0,1,0,2200,3,3,.711,.622,0
2021-03-25,POR,MIA,0,1,0,1930,3,2,.591,.489,0
2021-03-25,WAS,NYK,0,1,0,1930,5,4,.349,.511,1
2021-03-25,GSW,SAC,0,1,0,2200,3,4,.489,.444,1
2021-03-25,LAC,SAS,0,1,0,2030,3,1,.652,.524,0
2021-03-26,MIA,CHO,0,1,0,2000,2,2,.478,.523,1
2021-03-26,IND,DAL,0,1,0,2030,1,5,.477,.535,0
2021-03-26,BRK,DET,0,1,0,1900,4,3,.674,.273,0
2021-03-26,ATL,GSW,0,1,0,2200,4,1,.511,.478,0
2021-03-26,CLE,LAL,0,1,0,2230,4,3,.378,.630,1
2021-03-26,BOS,MIL,0,1,0,1930,4,3,.489,.659,0
2021-03-26,HOU,MIN,0,1,0,2000,5,2,.273,.244,1
2021-03-26,DEN,NOP,0,1,0,2000,5,2,.600,.432,0
2021-03-26,POR,ORL,0,1,0,2000,1,5,.600,.333,0
2021-03-26,PHO,TOR,0,1,0,1930,1,3,.682,.400,0
2021-03-26,MEM,UTA,0,1,0,2100,1,2,.500,.750,1
2021-03-27,PHI,LAC,0,1,0,2200,4,3,.696,.660,1
2021-03-27,NYK,MIL,0,1,0,2000,4,3,.522,.644,0
2021-03-27,HOU,MIN,0,1,0,2000,4,2,.289,.239,0
2021-03-27,DAL,NOP,0,1,0,2100,4,2,.523,.444,1
2021-03-27,BOS,OKC,0,1,0,2100,5,5,.500,.422,0
2021-03-27,CLE,SAC,0,1,0,2200,4,3,.370,.457,1
2021-03-27,CHI,SAS,0,1,0,2030,2,2,.432,.535,1
2021-03-27,MEM,UTA,0,1,0,2100,1,2,.488,.756,1
2021-03-27,DET,WAS,0,1,0,2000,4,3,.267,.364,1
2021-03-28,PHO,CHO,0,1,0,1300,1,2,.689,.511,0
2021-03-28,ATL,DEN,0,1,0,2100,4,3,.500,.609,1
2021-03-28,ORL,LAL,0,1,0,2200,4,3,.326,.638,1
2021-03-28,POR,TOR,0,1,0,1900,1,3,.609,.391,0
2021-03-29,NOP,BOS,0,1,0,1930,1,4,.457,.489,0
2021-03-29,MIN,BRK,0,1,0,1930,2,4,.234,.681,1
2021-03-29,TOR,DET,0,1,0,2000,3,4,.383,.283,1
2021-03-29,CHI,GSW,0,1,0,2200,2,2,.422,.489,1
2021-03-29,MEM,HOU,0,1,0,2000,2,4,.500,.283,0
2021-03-29,MIL,LAC,0,1,0,2200,3,3,.630,.667,1
2021-03-29,MIA,NYK,0,1,0,1930,2,1,.489,.511,0
2021-03-29,DAL,OKC,0,1,0,2000,3,4,.533,.413,0
2021-03-29,SAC,SAS,0,1,0,2030,3,3,.468,.523,0
2021-03-29,CLE,UTA,0,1,0,2100,4,2,.362,.761,1
2021-03-29,IND,WAS,0,1,0,1900,2,4,.467,.378,1
2021-03-30,PHI,DEN,0,1,0,2100,4,2,.681,.617,1
2021-03-30,ORL,LAC,0,1,0,2200,4,3,.340,.653,0
2021-03-30,ATL,PHO,0,1,0,2200,4,1,.489,.696,1
2021-03-30,CHO,WAS,0,1,0,1900,1,5,.522,.370,0
2021-03-31,DAL,BOS,0,1,0,1930,3,3,.543,.479,0
2021-03-31,HOU,BRK,0,1,0,1930,4,4,.277,.688,1
2021-03-31,POR,DET,0,1,0,1900,1,5,.617,.277,0
2021-03-31,MIA,IND,0,1,0,1900,2,2,.500,.457,0
2021-03-31,MIL,LAL,0,1,0,2200,3,3,.638,.625,0
2021-03-31,UTA,MEM,0,1,0,2000,3,4,.766,.489,0
2021-03-31,NYK,MIN,0,1,0,2000,2,2,.500,.250,1
2021-03-31,TOR,OKC,0,1,0,2000,3,4,.375,.426,1
2021-03-31,CHI,PHO,0,1,0,2200,3,1,.413,.702,1
2021-03-31,SAC,SAS,0,1,0,2030,2,2,.458,.533,1
2021-04-01,CHO,BRK,0,1,0,1930,2,4,.511,.694,1
2021-04-01,PHI,CLE,0,1,0,1900,4,2,.688,.354,0
2021-04-01,WAS,DET,0,1,0,1900,4,4,.362,.292,1
2021-04-01,DEN,LAC,0,1,0,2200,2,3,.625,.640,0
2021-04-01,GSW,MIA,0,1,0,2000,1,2,.479,.510,1
2021-04-01,ORL,NOP,0,1,0,2000,4,3,.354,.447,0
2021-04-01,ATL,SAS,0,1,0,2030,4,4,.500,.522,0
2021-04-02,HOU,BOS,0,1,0,1930,4,3,.271,.490,1
2021-04-02,CHO,IND,0,1,0,2000,2,2,.521,.447,0
2021-04-02,MIN,MEM,0,1,0,2000,1,2,.245,.500,1
2021-04-02,ATL,NOP,0,1,0,2100,5,3,.510,.438,0
2021-04-02,DAL,NYK,0,1,0,1930,3,1,.553,.490,0
2021-04-02,OKC,PHO,0,1,0,2200,4,1,.417,.708,1
2021-04-02,MIL,POR,0,1,0,2200,2,1,.646,.604,0
2021-04-02,LAL,SAC,0,1,0,2200,4,2,.633,.449,0
2021-04-02,GSW,TOR,0,1,0,1900,1,3,.469,.388,1
2021-04-02,CHI,UTA,0,1,0,2100,2,2,.404,.771,1
2021-04-03,NYK,DET,0,1,0,2000,1,2,.500,.286,0
2021-04-03,CLE,MIA,0,1,0,2000,3,1,.347,.520,1
2021-04-03,MIN,PHI,0,1,0,2000,2,2,.240,.694,1
2021-04-03,OKC,POR,0,1,0,2200,4,1,.408,.612,1
2021-04-03,MIL,SAC,0,1,0,2200,2,2,.653,.440,0
2021-04-03,IND,SAS,0,1,0,2100,4,4,.458,.511,0
2021-04-03,ORL,UTA,0,1,0,2100,4,4,.347,.776,1
2021-04-03,DAL,WAS,0,1,0,1900,3,4,.563,.354,0
2021-04-04,GSW,ATL,0,1,0,1930,2,4,.460,.520,1
2021-04-04,CHO,BOS,0,1,0,1800,3,2,.510,.500,1
2021-04-04,BRK,CHI,0,1,0,1400,3,2,.680,.417,1
2021-04-04,ORL,DEN,0,1,0,2200,4,2,.340,.633,1
2021-04-04,NOP,HOU,0,1,0,2000,4,4,.449,.265,0
2021-04-04,LAL,LAC,0,1,0,1530,4,3,.620,.647,1
2021-04-04,MEM,PHI,0,1,0,1900,2,2,.511,.680,0
2021-04-05,NYK,BRK,0,1,0,1900,2,5,.490,.686,1
2021-04-05,UTA,DAL,0,1,0,1900,3,3,.760,.571,1
2021-04-05,PHO,HOU,0,1,0,2000,2,5,.714,.260,0
2021-04-05,SAC,MIN,0,1,0,1900,2,2,.431,.255,1
2021-04-05,DET,OKC,0,1,0,1900,4,4,.300,.400,0
2021-04-05,CLE,SAS,0,1,0,1900,3,3,.360,.500,0
2021-04-05,WAS,TOR,0,1,0,1900,3,3,.347,.400,1
2021-04-06,NOP,ATL,0,1,0,1930,4,4,.440,.529,1
2021-04-06,PHI,BOS,0,1,0,1930,2,2,.686,.490,0
2021-04-06,DET,DEN,0,1,0,2100,3,2,.294,.640,1
2021-04-06,MIL,GSW,0,1,0,2200,2,1,.640,.471,1
2021-04-06,CHI,IND,0,1,0,1900,4,3,.429,.449,0
2021-04-06,POR,LAC,0,1,0,2200,1,2,.600,.654,1
2021-04-06,MEM,MIA,0,1,0,2000,4,1,.521,.510,0
2021-04-06,LAL,TOR,0,1,0,1930,4,3,.627,.392,0
2021-04-07,MEM,ATL,0,1,0,2000,4,5,.531,.519,0
2021-04-07,NYK,BOS,0,1,0,1930,2,2,.481,.500,1
2021-04-07,NOP,BRK,0,1,0,1930,4,4,.431,.692,1
2021-04-07,SAS,DEN,0,1,0,2100,3,2,.490,.647,1
2021-04-07,DAL,HOU,0,1,0,2000,4,5,.560,.275,1
2021-04-07,MIN,IND,0,1,0,1900,2,4,.250,.460,1
2021-04-07,CHO,OKC,0,1,0,2000,3,5,.520,.392,0
2021-04-07,WAS,ORL,0,1,0,1900,2,5,.360,.333,0
2021-04-07,UTA,PHO,0,1,0,2200,3,1,.745,.720,1
2021-04-08,MIL,DAL,0,1,0,2100,2,4,.627,.569,1
2021-04-08,PHO,LAC,0,1,0,2200,1,2,.706,.660,1
2021-04-08,LAL,MIA,0,1,0,1930,4,1,.615,.519,1
2021-04-08,CLE,OKC,0,1,0,2000,3,5,.373,.385,0
2021-04-08,DET,SAC,0,1,0,2200,3,2,.308,.423,0
2021-04-08,CHI,TOR,0,1,0,1930,3,3,.440,.385,0
2021-04-08,POR,UTA,0,1,0,2200,2,3,.588,.750,1
2021-04-09,CHI,ATL,0,1,0,2000,3,4,.431,.528,1
2021-04-09,MIN,BOS,0,1,0,1930,2,2,.245,.509,1
2021-04-09,SAS,DEN,0,1,0,2100,3,2,.480,.654,1
2021-04-09,WAS,GSW,0,1,0,2200,2,3,.373,.462,0
2021-04-09,HOU,LAC,0,1,0,2200,5,4,.269,.667,1
2021-04-09,CHO,MIL,0,1,0,2100,3,2,.529,.615,0
2021-04-09,PHI,NOP,0,1,0,2000,1,4,.673,.442,1
2021-04-09,MEM,NYK,0,1,0,1930,4,2,.520,.491,1
2021-04-09,IND,ORL,0,1,0,1900,2,4,.471,.327,0
2021-04-10,LAL,BRK,0,1,0,2030,5,3,.623,.679,0
2021-04-10,TOR,CLE,0,1,0,1930,3,3,.396,.365,0
2021-04-10,HOU,GSW,0,1,0,2200,4,3,.264,.472,1
2021-04-10,PHI,OKC,0,1,0,2100,1,4,.679,.377,0
2021-04-10,WAS,PHO,0,1,0,2200,3,1,.365,.712,1
2021-04-10,DET,POR,0,1,0,2200,3,1,.302,.596,1
2021-04-10,SAC,UTA,0,1,0,2100,2,2,.415,.755,1
2021-04-11,ATL,CHO,0,1,0,1300,5,3,.537,.519,0
2021-04-11,NOP,CLE,0,1,0,1900,4,4,.453,.358,0
2021-04-11,SAS,DAL,0,1,0,2000,2,2,.490,.558,0
2021-04-11,BOS,DEN,0,1,0,1500,2,2,.519,.642,0
2021-04-11,DET,LAC,0,1,0,2200,4,4,.296,.673,1
2021-04-11,IND,MEM,0,1,0,2000,2,4,.481,.510,0
2021-04-11,CHI,MIN,0,1,0,2000,3,1,.423,.259,1
2021-04-11,TOR,NYK,0,1,0,2000,4,2,.389,.500,1
2021-04-11,MIL,ORL,0,1,0,1900,3,4,.623,.321,0
2021-04-11,MIA,POR,0,1,0,2200,2,1,.528,.585,0
2021-04-12,PHI,DAL,0,1,0,1930,2,2,.685,.547,0
2021-04-12,DEN,GSW,0,1,0,2200,1,3,.630,.481,1
2021-04-12,CHI,MEM,0,1,0,2100,3,4,.415,.519,1
2021-04-12,SAC,NOP,0,1,0,2100,2,4,.407,.463,1
2021-04-12,LAL,NYK,0,1,0,1930,4,2,.611,.509,1
2021-04-12,SAS,ORL,0,1,0,2000,2,4,.500,.315,0
2021-04-12,HOU,PHO,0,1,0,2200,5,1,.259,.717,1
2021-04-12,WAS,UTA,0,1,0,2100,1,3,.377,.741,0
2021-04-13,LAL,CHO,0,1,0,2000,3,5,.618,.509,0
2021-04-13,LAC,IND,0,1,0,1930,4,2,.679,.472,0
2021-04-13,BRK,MIN,0,1,0,1600,5,2,.685,.255,0
2021-04-13,MIA,PHO,0,1,0,2200,1,1,.519,.722,1
2021-04-13,BOS,POR,0,1,0,2200,2,2,.527,.574,0
2021-04-13,ATL,TOR,0,1,0,1930,5,4,.545,.382,0
2021-04-13,OKC,UTA,0,1,0,2100,5,4,.370,.745,1
2021-04-14,ORL,CHI,0,1,0,2000,4,2,.327,.407,0
2021-04-14,CLE,CHO,0,1,0,1900,3,5,.370,.500,0
2021-04-14,MIA,DEN,0,1,0,2200,1,2,.509,.636,1
2021-04-14,LAC,DET,0,1,0,2000,5,2,.684,.291,0
2021-04-14,IND,HOU,0,1,0,2100,3,5,.481,.255,0
2021-04-14,DAL,MEM,0,1,0,2130,2,3,.556,.509,0
2021-04-14,MIL,MIN,0,1,0,1630,2,2,.630,.250,0
2021-04-14,NYK,NOP,0,1,0,2000,2,3,.518,.455,0
2021-04-14,GSW,OKC,0,1,0,2100,3,5,.491,.364,0
2021-04-14,BRK,PHI,0,1,0,1900,5,2,.673,.691,1
2021-04-14,WAS,SAC,0,1,0,2200,2,3,.389,.400,0
2021-04-14,SAS,TOR,0,1,0,1930,2,4,.491,.393,1
2021-04-15,MIL,ATL,0,1,0,1930,2,5,.636,.536,0
2021-04-15,GSW,CLE,0,1,0,2000,3,2,.500,.364,0
2021-04-15,BOS,LAL,0,1,0,2200,2,4,.536,.607,0
2021-04-15,SAC,PHO,0,1,0,2200,3,1,.393,.727,1
